<?xml version='1.0' encoding='utf-8' standalone='yes' ?>
<map>
    <string name="gcd">{&quot;net&quot;:3569,&quot;retries&quot;:0}</string>
    <long name="prev_session_dur" value="9" />
    <boolean name="ddl_sent" value="true" />
    <long name="af_rc_max_age" value="86400" />
    <string name="sentSuccessfully">true</string>
    <string name="af_remote_config">eyJmZWF0dXJlcyI6e30sInZlciI6ImRlZmF1bHQudjEuMTYzNzE0OTUyOSJ9</string>
    <int name="versionCode" value="35376064" />
    <string name="savedProperties">{&quot;uid&quot;:&quot;1755103228433-2426830753157981218&quot;,&quot;waitForCustomerId&quot;:&quot;false&quot;,&quot;logLevel&quot;:&quot;0&quot;,&quot;AppUserId&quot;:&quot;USERID:bolt:b705fdc2-64db-4d4c-872d-41d988957e42&quot;,&quot;advertiserId&quot;:&quot;1d017a22-72ed-4fa8-8819-b4d0999890cf&quot;,&quot;advertiserIdEnabled&quot;:&quot;true&quot;}</string>
    <string name="AF_INSTALLATION">1755103228433-2426830753157981218</string>
    <boolean name="afUninstallToken_queued" value="false" />
    <int name="appsFlyerCount" value="1" />
    <long name="af_rc_timestamp" value="1755103230152" />
    <long name="AppsFlyerTimePassedSincePrevLaunch" value="1755103410759" />
    <boolean name="newGPReferrerSent" value="true" />
    <string name="first_launch">{&quot;net&quot;:1604,&quot;from_fg&quot;:37,&quot;start_with&quot;:&quot;application&quot;,&quot;init_to_fg&quot;:185425,&quot;api_name&quot;:&quot;setCustomerIdAndLogSession&quot;}</string>
    <string name="appsFlyerFirstInstall">2025-08-13_164330+0000</string>
    <string name="attributionId">{&quot;install_time&quot;:&quot;2025-08-13 16:43:32.295&quot;,&quot;af_message&quot;:&quot;organic install&quot;,&quot;af_status&quot;:&quot;Organic&quot;,&quot;is_first_launch&quot;:false}</string>
</map>
