<?xml version='1.0' encoding='utf-8' standalone='yes' ?>
<map>
    <long name="first_open_time" value="1755103225098" />
    <string name="gmp_app_id">1:345051420332:android:64bedb0e5075983e023109</string>
    <string name="app_instance_id">b4c863e72e022794b18d84a3b1a295ec</string>
    <boolean name="app_backgrounded" value="true" />
    <long name="session_id" value="1755103228" />
    <long name="health_monitor:start" value="1755103225154" />
    <boolean name="use_service" value="true" />
    <boolean name="deferred_analytics_collection" value="false" />
    <string name="previous_os_version">15</string>
    <boolean name="has_been_opened" value="true" />
    <boolean name="allow_remote_dynamite" value="true" />
    <long name="last_pause_time" value="1755103419917" />
    <boolean name="start_new_session" value="false" />
</map>
