<?xml version='1.0' encoding='utf-8' standalone='yes' ?>
<map>
    <set name="kotlin/2.1.21 fire-installations/18.0.0 fire-rc/22.1.1 fire-abt/21.1.1 device-brand/samsung fire-android/35 fire-core/21.0.0 fire-core-ktx/21.0.0 fire-fcm/24.1.1 android-installer/com.google.android.packageinstaller device-name/dm3qxxx fire-perf/21.0.5 fire-analytics/22.4.0 android-platform/ android-min-sdk/21 fire-sessions/2.1.1 device-model/dm3q android-target-sdk/35 fire-cls/19.4.3 fire-transport/19.0.0">
        <string>2025-08-13</string>
    </set>
    <long name="fire-count" value="1" />
    <string name="last-used-date">2025-08-13</string>
    <long name="fire-global" value="1755103228440" />
</map>
