{"Fid":"fWqv-tMXTvuR6glRMhlgWa","Status":3,"AuthToken":"eyJhbGciOiJFUzI1NiIsInR5cCI6IkpXVCJ9.eyJhcHBJZCI6IjE6MzQ1MDUxNDIwMzMyOmFuZHJvaWQ6NjRiZWRiMGU1MDc1OTgzZTAyMzEwOSIsImV4cCI6MTc3MDk5NTMyMywiZmlkIjoiZldxdi10TVhUdnVSNmdsUk1obGdXYSIsInByb2plY3ROdW1iZXIiOjM0NTA1MTQyMDMzMn0.AB2LPV8wRQIhAMwqnY7IKo2nhLYyDCpFg8udYJXj6bmFp3fPCduXpR6wAiAPpnfgsHY54Dp-vhTxXJ-7GA2U5bGutO1XzT1Y8MJloA","RefreshToken":"3_AS3qfwJDFoQgGhcAR6-2eLYJ6nxtLIovBR69sJ3L3iFTM0xhq0Pv_WCmpwc4hzsBsa0D1OM4-sRs5Xki9XY94tNoOn1UWIPjvBa75Vt7fzJIjos","TokenCreationEpochInSecs":1770390523,"ExpiresInSecs":604800}