{"Fid":"dOM3KjtyTMKS_GnWva1qpO","Status":3,"AuthToken":"eyJhbGciOiJFUzI1NiIsInR5cCI6IkpXVCJ9.eyJhcHBJZCI6IjE6MzQ1MDUxNDIwMzMyOmFuZHJvaWQ6NjRiZWRiMGU1MDc1OTgzZTAyMzEwOSIsImV4cCI6MTc1NTcwODAzMCwiZmlkIjoiZE9NM0tqdHlUTUtTX0duV3ZhMXFwTyIsInByb2plY3ROdW1iZXIiOjM0NTA1MTQyMDMzMn0.AB2LPV8wRAIgUPq3L98D1fWmlcpo9uxzw36qvhQEM5qJiIGwC6UDzigCIEtaSgZLKGR62ZTyDf2NZqLQ1HywfckE8Ehazyh6D1UI","RefreshToken":"3_AS3qfwJVdP1LSaUJol2pwd4avusKV0aioBy2BiMEfn9XWi8NI7SpQ7zkIc4eWSA_9sCiHSdBc64PuruVXnuT0PpTCzgx3a0FsfSae63zj7EJFg","TokenCreationEpochInSecs":1755103230,"ExpiresInSecs":604800}