<?xml version='1.0' encoding='utf-8' standalone='yes' ?>
<map>
    <long name="prev_session_dur" value="12" />
    <long name="af_rc_max_age" value="86400" />
    <boolean name="ddl_sent" value="true" />
    <string name="sentSuccessfully">true</string>
    <string name="af_remote_config">eyJmZWF0dXJlcyI6e30sInZlciI6ImRlZmF1bHQudjEuMTYzNzE0OTUyOSJ9</string>
    <int name="versionCode" value="35390775" />
    <string name="savedProperties">{&quot;uid&quot;:&quot;1770289099710-2382290458244046809&quot;,&quot;waitForCustomerId&quot;:&quot;false&quot;,&quot;logLevel&quot;:&quot;0&quot;,&quot;AppUserId&quot;:&quot;USERID:bolt:b705fdc2-64db-4d4c-872d-41d988957e42&quot;,&quot;advertiserId&quot;:&quot;1d017a22-72ed-4fa8-8819-b4d0999890cf&quot;,&quot;advertiserIdEnabled&quot;:&quot;true&quot;}</string>
    <string name="AF_INSTALLATION">1770289099710-2382290458244046809</string>
    <boolean name="afUninstallToken_queued" value="false" />
    <int name="appsFlyerCount" value="9" />
    <long name="af_rc_timestamp" value="1770289098501" />
    <long name="AppsFlyerTimePassedSincePrevLaunch" value="1770340929080" />
    <boolean name="newGPReferrerSent" value="true" />
    <string name="appsFlyerFirstInstall">2026-02-05_105900+0000</string>
    <string name="attributionId">{&quot;install_time&quot;:&quot;2026-02-05 10:59:02.311&quot;,&quot;af_message&quot;:&quot;organic install&quot;,&quot;af_status&quot;:&quot;Organic&quot;,&quot;is_first_launch&quot;:false}</string>
</map>
