<?xml version='1.0' encoding='utf-8' standalone='yes' ?>
<map>
    <string name="feature_usage_package_name">com.wbd.stream</string>
    <long name="feature_usage_timestamp_detected_feature_33" value="1770289806575" />
    <long name="feature_usage_timestamp_detected_feature_3" value="1770289680596" />
    <long name="feature_usage_timestamp_detected_feature_12" value="1770289680620" />
    <long name="feature_usage_last_report_time" value="1770289097121" />
    <long name="feature_usage_timestamp_detected_feature_15" value="1770289680596" />
    <string name="feature_usage_sdk_version">21.4.0</string>
    <long name="feature_usage_timestamp_reported_feature_5" value="1770289584128" />
</map>
