<?xml version='1.0' encoding='utf-8' standalone='yes' ?>
<map>
    <long name="com.google.firebase.perf.NetworkRequestSamplingRate" value="4562761086353967531" />
    <boolean name="com.google.firebase.perf.ExperimentTTID" value="true" />
    <boolean name="com.google.firebase.perf.SdkEnabled" value="true" />
    <long name="com.google.firebase.perf.TraceSamplingRate" value="4593528376170931098" />
    <boolean name="isEnabled" value="true" />
    <string name="com.google.firebase.perf.SdkDisabledVersions"></string>
    <long name="com.google.firebase.perf.SessionSamplingRate" value="4552686651094208425" />
</map>
