{"Fid":"d85viqeyTu6Vj53gjI8I8G","Status":3,"AuthToken":"eyJhbGciOiJFUzI1NiIsInR5cCI6IkpXVCJ9.eyJhcHBJZCI6IjE6MzQ1MDUxNDIwMzMyOmFuZHJvaWQ6NjRiZWRiMGU1MDc1OTgzZTAyMzEwOSIsImV4cCI6MTc2OTE3ODgxNCwiZmlkIjoiZDg1dmlxZXlUdTZWajUzZ2pJOEk4RyIsInByb2plY3ROdW1iZXIiOjM0NTA1MTQyMDMzMn0.AB2LPV8wRQIhAP-SNFgRGX45tOYbBvOz12nij2C3jvFI1rR3Zt9S0Vb0AiAAkN6A_bBC6nxU1r1anjZoPBgitYkL_7GTp5BHa3TOpw","RefreshToken":"3_AS3qfwJ-Ol16ZHEMFs35qkwWqqsGa-d-JYM5JncvW04lDB9fQPJ3tDZev5_bAU3ZZZo9tSODo30HuYjeTuzLyO9O9n6vDAqSHMCSDOk3YO_e7g","TokenCreationEpochInSecs":1768574014,"ExpiresInSecs":604800}